{"data_time": 0.0024292680000144173, "eta_seconds": 3007.1968096799537, "fast_rcnn/cls_accuracy": 0.6015625, "fast_rcnn/false_negative": 0.8465909090909092, "fast_rcnn/fg_cls_accuracy": 0.1534090909090909, "iteration": 19, "loss_box_reg": 0.0129175316542387, "loss_cls": 0.6731566190719604, "loss_rpn_cls": 0.6898462772369385, "loss_rpn_loc": 0.04779067449271679, "lr": 9.7405e-06, "roi_head/num_bg_samples": 27.5, "roi_head/num_fg_samples": 4.5, "rpn/num_neg_anchors": 240.5, "rpn/num_pos_anchors": 15.5, "time": 6.264993353499904, "total_loss": 1.4290057849138975}
{"data_time": 0.002631582000049093, "eta_seconds": 2957.5660911500063, "fast_rcnn/cls_accuracy": 0.859375, "fast_rcnn/false_negative": 1.0, "fast_rcnn/fg_cls_accuracy": 0.0, "iteration": 39, "loss_box_reg": 0.011490441858768463, "loss_cls": 0.41471582651138306, "loss_rpn_cls": 0.6862631738185883, "loss_rpn_loc": 0.03198992367833853, "lr": 1.97305e-05, "roi_head/num_bg_samples": 27.5, "roi_head/num_fg_samples": 4.5, "rpn/num_neg_anchors": 244.0, "rpn/num_pos_anchors": 12.0, "time": 6.723171060999903, "total_loss": 1.1885321219451725}
{"data_time": 0.0026628364998941834, "eta_seconds": 2828.976261100006, "fast_rcnn/cls_accuracy": 0.90625, "fast_rcnn/false_negative": 1.0, "fast_rcnn/fg_cls_accuracy": 0.0, "iteration": 59, "loss_box_reg": 0.0076233441941440105, "loss_cls": 0.29826928675174713, "loss_rpn_cls": 0.6786110699176788, "loss_rpn_loc": 0.027846557088196278, "lr": 2.9720499999999998e-05, "roi_head/num_bg_samples": 29.0, "roi_head/num_fg_samples": 3.0, "rpn/num_neg_anchors": 246.75, "rpn/num_pos_anchors": 9.25, "time": 6.410649979000027, "total_loss": 1.034302419051528}
{"data_time": 0.0026312894999591663, "eta_seconds": 2692.779164250028, "fast_rcnn/cls_accuracy": 0.8828125, "fast_rcnn/false_negative": 1.0, "fast_rcnn/fg_cls_accuracy": 0.0, "iteration": 79, "loss_box_reg": 0.0074571066070348024, "loss_cls": 0.310891330242157, "loss_rpn_cls": 0.6673625409603119, "loss_rpn_loc": 0.018537099473178387, "lr": 3.9710500000000005e-05, "roi_head/num_bg_samples": 28.25, "roi_head/num_fg_samples": 3.75, "rpn/num_neg_anchors": 247.25, "rpn/num_pos_anchors": 8.75, "time": 6.277886309999985, "total_loss": 1.0056145663838834}
{"data_time": 0.0026770490001126745, "eta_seconds": 2564.5515850000265, "fast_rcnn/cls_accuracy": 0.875, "fast_rcnn/false_negative": 1.0, "fast_rcnn/fg_cls_accuracy": 0.0, "iteration": 99, "loss_box_reg": 0.009371941909193993, "loss_cls": 0.29761216044425964, "loss_rpn_cls": 0.6521383225917816, "loss_rpn_loc": 0.029703019186854362, "lr": 4.97005e-05, "roi_head/num_bg_samples": 28.0, "roi_head/num_fg_samples": 4.0, "rpn/num_neg_anchors": 245.75, "rpn/num_pos_anchors": 10.25, "time": 6.490029660499886, "total_loss": 0.9864503981079906}
{"data_time": 0.0025510349998967286, "eta_seconds": 2419.2508432499676, "fast_rcnn/cls_accuracy": 0.875, "fast_rcnn/false_negative": 1.0, "fast_rcnn/fg_cls_accuracy": 0.0, "iteration": 119, "loss_box_reg": 0.007660661591216922, "loss_cls": 0.24575988203287125, "loss_rpn_cls": 0.6340910196304321, "loss_rpn_loc": 0.031327187083661556, "lr": 5.96905e-05, "roi_head/num_bg_samples": 28.0, "roi_head/num_fg_samples": 4.0, "rpn/num_neg_anchors": 244.75, "rpn/num_pos_anchors": 11.25, "time": 6.06856431150004, "total_loss": 0.925898753805086}
{"data_time": 0.002572434499825249, "eta_seconds": 2315.845736640058, "fast_rcnn/cls_accuracy": 0.875, "fast_rcnn/false_negative": 0.8888888888888888, "fast_rcnn/fg_cls_accuracy": 0.1111111111111111, "iteration": 139, "loss_box_reg": 0.015588908921927214, "loss_cls": 0.27548886835575104, "loss_rpn_cls": 0.6075102686882019, "loss_rpn_loc": 0.03249126486480236, "lr": 6.96805e-05, "roi_head/num_bg_samples": 27.5, "roi_head/num_fg_samples": 4.5, "rpn/num_neg_anchors": 243.0, "rpn/num_pos_anchors": 13.0, "time": 6.845773625999982, "total_loss": 0.9676221306435764}
{"data_time": 0.0025979919998917467, "eta_seconds": 2175.1603290299363, "fast_rcnn/cls_accuracy": 0.8828125, "fast_rcnn/false_negative": 0.725, "fast_rcnn/fg_cls_accuracy": 0.275, "iteration": 159, "loss_box_reg": 0.013594867195934057, "loss_cls": 0.24184731394052505, "loss_rpn_cls": 0.5700633823871613, "loss_rpn_loc": 0.03818691335618496, "lr": 7.967050000000001e-05, "roi_head/num_bg_samples": 27.5, "roi_head/num_fg_samples": 4.5, "rpn/num_neg_anchors": 241.75, "rpn/num_pos_anchors": 14.25, "time": 6.200686766999979, "total_loss": 0.8930104961618781}
{"data_time": 0.002558969500114472, "eta_seconds": 2057.5200697600667, "fast_rcnn/cls_accuracy": 0.90625, "fast_rcnn/false_negative": 0.5, "fast_rcnn/fg_cls_accuracy": 0.5, "iteration": 179, "loss_box_reg": 0.01878176722675562, "loss_cls": 0.22123800963163376, "loss_rpn_cls": 0.511799156665802, "loss_rpn_loc": 0.041635094210505486, "lr": 8.966049999999999e-05, "roi_head/num_bg_samples": 27.0, "roi_head/num_fg_samples": 5.0, "rpn/num_neg_anchors": 240.25, "rpn/num_pos_anchors": 15.75, "time": 6.616385171500042, "total_loss": 0.8102288856171072}
{"data_time": 0.0026662189998205577, "eta_seconds": 1913.0413549499622, "fast_rcnn/cls_accuracy": 0.8984375, "fast_rcnn/false_negative": 0.5166666666666666, "fast_rcnn/fg_cls_accuracy": 0.48333333333333334, "iteration": 199, "loss_box_reg": 0.025056583806872368, "loss_cls": 0.22549083828926086, "loss_rpn_cls": 0.4395856559276581, "loss_rpn_loc": 0.03523801267147064, "lr": 9.96505e-05, "roi_head/num_bg_samples": 28.0, "roi_head/num_fg_samples": 4.0, "rpn/num_neg_anchors": 243.25, "rpn/num_pos_anchors": 12.75, "time": 6.0677604729999075, "total_loss": 0.7240767618641257}
{"data_time": 0.0024367309999888676, "eta_seconds": 1769.6198602599816, "fast_rcnn/cls_accuracy": 0.8671875, "fast_rcnn/false_negative": 0.4494949494949495, "fast_rcnn/fg_cls_accuracy": 0.5505050505050505, "iteration": 219, "loss_box_reg": 0.025528129190206528, "loss_cls": 0.26175180077552795, "loss_rpn_cls": 0.32682663202285767, "loss_rpn_loc": 0.04167050123214722, "lr": 0.00010964050000000001, "roi_head/num_bg_samples": 27.25, "roi_head/num_fg_samples": 4.75, "rpn/num_neg_anchors": 240.5, "rpn/num_pos_anchors": 15.5, "time": 5.7343049325002085, "total_loss": 0.6802793862298131}
{"data_time": 0.0025041985002189904, "eta_seconds": 1643.218441669983, "fast_rcnn/cls_accuracy": 0.921875, "fast_rcnn/false_negative": 0.55, "fast_rcnn/fg_cls_accuracy": 0.45, "iteration": 239, "loss_box_reg": 0.0422754380851984, "loss_cls": 0.19649509340524673, "loss_rpn_cls": 0.2362019270658493, "loss_rpn_loc": 0.02868384961038828, "lr": 0.0001196305, "roi_head/num_bg_samples": 27.5, "roi_head/num_fg_samples": 4.5, "rpn/num_neg_anchors": 244.25, "rpn/num_pos_anchors": 11.75, "time": 6.372404148499982, "total_loss": 0.5215654391795397}
{"data_time": 0.0025261499999942316, "eta_seconds": 1517.7962164800374, "fast_rcnn/cls_accuracy": 0.890625, "fast_rcnn/false_negative": 0.6396103896103896, "fast_rcnn/fg_cls_accuracy": 0.36038961038961037, "iteration": 259, "loss_box_reg": 0.09670613706111908, "loss_cls": 0.2810647189617157, "loss_rpn_cls": 0.1945270150899887, "loss_rpn_loc": 0.04413501173257828, "lr": 0.0001296205, "roi_head/num_bg_samples": 27.25, "roi_head/num_fg_samples": 4.75, "rpn/num_neg_anchors": 241.5, "rpn/num_pos_anchors": 14.5, "time": 6.403847119499915, "total_loss": 0.6321893557906151}
{"data_time": 0.002640034000023661, "eta_seconds": 1394.179331489986, "fast_rcnn/cls_accuracy": 0.859375, "fast_rcnn/false_negative": 0.7774725274725275, "fast_rcnn/fg_cls_accuracy": 0.22252747252747251, "iteration": 279, "loss_box_reg": 0.11912595853209496, "loss_cls": 0.2873755842447281, "loss_rpn_cls": 0.18249142915010452, "loss_rpn_loc": 0.04216979444026947, "lr": 0.00013961050000000003, "roi_head/num_bg_samples": 26.75, "roi_head/num_fg_samples": 5.25, "rpn/num_neg_anchors": 240.25, "rpn/num_pos_anchors": 15.75, "time": 6.8230983129997185, "total_loss": 0.639834076166153}
{"data_time": 0.0026519339999140357, "eta_seconds": 1269.978173499976, "fast_rcnn/cls_accuracy": 0.8828125, "fast_rcnn/false_negative": 0.5590277777777778,